<response><pre_image>http://www.fliplineads.com/serve/images/v4_cupcakeriaHD.swf</pre_image><pre_link></pre_link><pre_uselink>false</pre_uselink><pre_dim>640x480</pre_dim><pre_delay>5</pre_delay><int_image>http://www.fliplineads.com/serve/images/v4_cupcakeriaTG.swf</int_image><int_link></int_link><int_uselink>false</int_uselink><int_dim>640x480</int_dim><int_delay>5</int_delay><alt_image>http://www.fliplineads.com/serve/images/v4_cupcakeriaHD.swf</alt_image><alt_link></alt_link><alt_uselink>false</alt_uselink><alt_dim>640x480</alt_dim><alt_delay>5</alt_delay><new_image>http://www.fliplineads.com/serve/images/scooperiaTG_badge.png</new_image><new_link>https://itunes.apple.com/app/id1392608717?ls=1&mt=8</new_link><new_uselink>true</new_uselink><new_usecont>true</new_usecont><promo1_image>http://www.fliplineads.com/serve/images/cupcakeriaTG_badge.png</promo1_image><promo1_link>https://itunes.apple.com/app/id1029932207?ls=1&mt=8</promo1_link><promo1_uselink>true</promo1_uselink><promo1_usecont>true</promo1_usecont><promo2_image>http://www.fliplineads.com/serve/images/cupcakeriaHD_badge.png</promo2_image><promo2_link>https://itunes.apple.com/app/id1047264616?ls=1&mt=8</promo2_link><promo2_uselink>true</promo2_uselink><promo2_usecont>true</promo2_usecont><version>2.0</version><ato>10</ato><bto>5</bto><success>true</success></response>