[
    {
        "perc": "",
        "hidden": "0",
        "thumb": "https://thumbs.ninjakiwi.com/bsm2/ach/100chartermember.png",
        "credited": "",
        "userid": "",
        "points": "200",
        "ach_name": "100% Charter Member",
        "id": "258",
        "description": "Collect 100% of the red blops within all stages of all 4 zones"
    },
    {
        "perc": "",
        "hidden": "0",
        "thumb": "https://thumbs.ninjakiwi.com/bsm2/ach/100club.png",
        "credited": "",
        "userid": "",
        "points": "50",
        "ach_name": "100% Club",
        "id": "254",
        "description": "Collect 100% of the red blops within all stages of a single zone"
    },
    {
        "perc": "",
        "hidden": "0",
        "thumb": "https://thumbs.ninjakiwi.com/bsm2/ach/14K.png",
        "credited": "",
        "userid": "",
        "points": "10",
        "ach_name": "14K",
        "id": "245",
        "description": "Achieve Gold level pop count on a single stage"
    },
    {
        "perc": "",
        "hidden": "0",
        "thumb": "https://thumbs.ninjakiwi.com/bsm2/ach/Brilliant.png",
        "credited": "",
        "userid": "",
        "points": "200",
        "ach_name": "Brilliant",
        "id": "257",
        "description": "Achieve Diamond level pop count on all stages of a single zone"
    },
    {
        "perc": "",
        "hidden": "0",
        "thumb": "https://thumbs.ninjakiwi.com/bsm2/ach/Epic.png",
        "credited": "",
        "userid": "",
        "points": "25",
        "ach_name": "Epic",
        "id": "250",
        "description": "Purchase the Epic power for a single attack type"
    },
    {
        "perc": "",
        "hidden": "0",
        "thumb": "https://thumbs.ninjakiwi.com/bsm2/ach/Flawless.png",
        "credited": "",
        "userid": "",
        "points": "500",
        "ach_name": "Flawless",
        "id": "261",
        "description": "Achieve Diamond level pop count on all stages of all 4 zones"
    },
    {
        "perc": "",
        "hidden": "0",
        "thumb": "https://thumbs.ninjakiwi.com/bsm2/ach/gold-standard.png",
        "credited": "",
        "userid": "",
        "points": "100",
        "ach_name": "Gold Standard",
        "id": "256",
        "description": "Achieve Gold level pop count on all stages of a single zone"
    },
    {
        "perc": "",
        "hidden": "0",
        "thumb": "https://thumbs.ninjakiwi.com/bsm2/ach/got_em.png",
        "credited": "",
        "userid": "",
        "points": "10",
        "ach_name": "Got Em",
        "id": "196",
        "description": "Collect 100% blops on a single stage"
    },
    {
        "perc": "",
        "hidden": "0",
        "thumb": "https://thumbs.ninjakiwi.com/bsm2/ach/mega-epic.png",
        "credited": "",
        "userid": "",
        "points": "50",
        "ach_name": "Mega Epic",
        "id": "252",
        "description": "Purchase 15 Epic attack powers"
    },
    {
        "perc": "",
        "hidden": "0",
        "thumb": "https://thumbs.ninjakiwi.com/bsm2/ach/nobel-monkey.png",
        "credited": "",
        "userid": "",
        "points": "50",
        "ach_name": "Nobel Monkey",
        "id": "251",
        "description": "Complete all 12 levels of research for all research areas"
    },
    {
        "perc": "",
        "hidden": "0",
        "thumb": "https://thumbs.ninjakiwi.com/bsm2/ach/power-play.png",
        "credited": "",
        "userid": "",
        "points": "20",
        "ach_name": "Power Play",
        "id": "247",
        "description": "Earn all 6 powerset badges on a single stage"
    },
    {
        "perc": "",
        "hidden": "0",
        "thumb": "https://thumbs.ninjakiwi.com/bsm2/ach/powered-up.png",
        "credited": "",
        "userid": "",
        "points": "25",
        "ach_name": "Powered Up",
        "id": "253",
        "description": "Purchase all 6 Special Powers at least once"
    },
    {
        "perc": "",
        "hidden": "0",
        "thumb": "https://thumbs.ninjakiwi.com/bsm2/ach/powerset-champion.png",
        "credited": "",
        "userid": "",
        "points": "75",
        "ach_name": "Powerset Champion",
        "id": "255",
        "description": "Earn all 6 powerset badges for all 5 stages of a single zone"
    },
    {
        "perc": "",
        "hidden": "0",
        "thumb": "https://thumbs.ninjakiwi.com/bsm2/ach/powerset-legend.png",
        "credited": "",
        "userid": "",
        "points": "150",
        "ach_name": "Powerset Legend",
        "id": "259",
        "description": "Earn all 6 powerset badges for all 5 stages of all 4 zones"
    },
    {
        "perc": "",
        "hidden": "0",
        "thumb": "https://thumbs.ninjakiwi.com/bsm2/ach/Precious.png",
        "credited": "",
        "userid": "",
        "points": "20",
        "ach_name": "Precious",
        "id": "246",
        "description": "Achieve Diamond level pop count on a single stage"
    },
    {
        "perc": "",
        "hidden": "0",
        "thumb": "https://thumbs.ninjakiwi.com/bsm2/ach/solid-gold.png",
        "credited": "",
        "userid": "",
        "points": "300",
        "ach_name": "Solid Gold",
        "id": "260",
        "description": "Achieve Gold level pop count on all stages of all 4 zones"
    },
    {
        "perc": "",
        "hidden": "0",
        "thumb": "https://thumbs.ninjakiwi.com/bsm2/ach/Studious.png",
        "credited": "",
        "userid": "",
        "points": "25",
        "ach_name": "Studious",
        "id": "249",
        "description": "Complete all 12 levels within a single research area"
    }
]