{
    "577": {
        "salethumb": "http://thumbs.ninjakiwi.com/bsm2/blopcashsmall.png",
        "description": "A quick shot of 600 Blop Cash when you need just a bit extra",
        "maxbuyable": "0",
        "salecost": "10",
        "iscombo": "0",
        "thumbnail": "http://thumbs.ninjakiwi.com/bsm2/blopcashsmall.png",
        "cost": "10",
        "maxquantity": "0",
        "hidden": "0",
        "itemname": "Blop Cash Small Module (600)",
        "id": "577",
        "quantity": "0",
		"currid": 6,
		"curradd": 1,
		"curramount": 600
    },
    "578": {
        "salethumb": "http://thumbs.ninjakiwi.com/bsm2/blopcashmedium.png",
        "description": "3,750 Blop Cash - includes 750 bonus Blop Cash",
        "maxbuyable": "0",
        "salecost": "50",
        "iscombo": "0",
        "thumbnail": "http://thumbs.ninjakiwi.com/bsm2/blopcashmedium.png",
        "cost": "50",
        "maxquantity": "0",
        "hidden": "0",
        "itemname": "Blop Cash Medium Module (3,750)",
        "id": "578",
        "quantity": "0",
		"currid": 6,
		"curradd": 1,
		"curramount": 3750
    },
    "579": {
        "salethumb": "http://thumbs.ninjakiwi.com/bsm2/blopcashlarge.png",
        "description": "9,000 Blop Cash - includes 3,000 bonus Blop Cash",
        "maxbuyable": "0",
        "salecost": "100",
        "iscombo": "0",
        "thumbnail": "http://thumbs.ninjakiwi.com/bsm2/blopcashlarge.png",
        "cost": "100",
        "maxquantity": "0",
        "hidden": "0",
        "itemname": "Blop Cash Large Module (9,000)",
        "id": "579",
        "quantity": "0",
		"currid": 6,
		"curradd": 1,
		"curramount": 9000
    },
    "580": {
        "salethumb": "http://thumbs.ninjakiwi.com/bsm2/blopcashquantum.png",
        "description": "30,000 Blop Cash - Includes 15,000 bonus Blop Cash",
        "maxbuyable": "0",
        "salecost": "250",
        "iscombo": "0",
        "thumbnail": "http://thumbs.ninjakiwi.com/bsm2/blopcashquantum.png",
        "cost": "250",
        "maxquantity": "0",
        "hidden": "0",
        "itemname": "Blop Cash Quantum Mega Module (30,000)",
        "id": "580",
        "quantity": "0",
		"currid": 6,
		"curradd": 1,
		"curramount": 30000
    },
    "584": {
        "salethumb": "http://thumbs.ninjakiwi.com/bsm2/Dart Science.png",
        "description": "Instantly research all Dart-class powers to enable the maximum frequency of high damage Sharp Darts and lead-popping Bloontonium Darts",
        "maxbuyable": "1",
        "salecost": "45",
        "iscombo": "0",
        "thumbnail": "http://thumbs.ninjakiwi.com/bsm2/Dart Science.png",
        "cost": "45",
        "maxquantity": "1",
        "hidden": "0",
        "itemname": "Dart Science",
        "id": "584",
        "quantity": "0"
    },
    "585": {
        "salethumb": "http://thumbs.ninjakiwi.com/bsm2/Boomerang Science.png",
        "description": "Instantly research all Boomerang-class powers to enable the maximum frequency of huge Mega Rangs and lead-popping Hot Rangs",
        "maxbuyable": "1",
        "salecost": "45",
        "iscombo": "0",
        "thumbnail": "http://thumbs.ninjakiwi.com/bsm2/Boomerang Science.png",
        "cost": "45",
        "maxquantity": "1",
        "hidden": "0",
        "itemname": "Boomerang Science",
        "id": "585",
        "quantity": "0"
    },
    "586": {
        "salethumb": "http://thumbs.ninjakiwi.com/bsm2/Bomb Science.png",
        "description": "Instantly research all Bomb-class powers to enable the maximum frequency of bigger blasting Heavy Ordinance and black bloon-popping Phosphorous Bombs",
        "maxbuyable": "1",
        "salecost": "45",
        "iscombo": "0",
        "thumbnail": "http://thumbs.ninjakiwi.com/bsm2/Bomb Science.png",
        "cost": "45",
        "maxquantity": "1",
        "hidden": "0",
        "itemname": "Bomb Science",
        "id": "586",
        "quantity": "0"
    },
    "587": {
        "salethumb": "http://thumbs.ninjakiwi.com/bsm2/Magic Science.png",
        "description": "Instantly research all Magic-class powers to enable the maximum frequency of more damaging Wizard Lord magic and ceramic-popping Earth Magic",
        "maxbuyable": "1",
        "salecost": "45",
        "iscombo": "0",
        "thumbnail": "http://thumbs.ninjakiwi.com/bsm2/Magic Science.png",
        "cost": "45",
        "maxquantity": "1",
        "hidden": "0",
        "itemname": "Magic Science",
        "id": "587",
        "quantity": "0"
    },
    "588": {
        "salethumb": "http://thumbs.ninjakiwi.com/bsm2/Tech_Science.png",
        "description": "Instantly research all Tech-class powers to enable the maximum frequency of big damage Tech Terror attacks and glass-popping Focused Beams",
        "maxbuyable": "1",
        "salecost": "45",
        "iscombo": "0",
        "thumbnail": "http://thumbs.ninjakiwi.com/bsm2/Tech_Science.png",
        "cost": "45",
        "maxquantity": "1",
        "hidden": "0",
        "itemname": "Tech Science",
        "id": "588",
        "quantity": "0"
    },
    "589": {
        "salethumb": "http://thumbs.ninjakiwi.com/bsm2/Extra_Science.png",
        "description": "Instantly research all cross-power science to enable the maximum capabilities of Big Bloons Sabotage, Force Field Phasing, Hotter Cooldowns, and Blop Magnet",
        "maxbuyable": "1",
        "salecost": "90",
        "iscombo": "0",
        "thumbnail": "http://thumbs.ninjakiwi.com/bsm2/Extra_Science.png",
        "cost": "90",
        "maxquantity": "1",
        "hidden": "0",
        "itemname": "Extra Science",
        "id": "589",
        "quantity": "0"
    },
    "590": {
        "salethumb": "http://thumbs.ninjakiwi.com/bsm2/Mad_Science.png",
        "description": "Instantly max out all research and enable the maximum effectiveness of all attack powers - includes Dart Science, Boomerang Science, Bomb Science, Magic Science, Tech Science, and Extra Science all in one!",
        "maxbuyable": "1",
        "salecost": "240",
        "iscombo": "0",
        "thumbnail": "http://thumbs.ninjakiwi.com/bsm2/Mad_Science.png",
        "cost": "240",
        "maxquantity": "1",
        "hidden": "0",
        "itemname": "Mad Science",
        "id": "590",
        "quantity": "0"
    },
    "591": {
        "salethumb": "http://thumbs.ninjakiwi.com/bsm2/DartAce_Epic.png",
        "description": "Get the rapid fire Dart Ace epic power on both arms for use in any game. Dart Ace activates on left click and recharges after a short cooldown.",
        "maxbuyable": "1",
        "salecost": "65",
        "iscombo": "0",
        "thumbnail": "http://thumbs.ninjakiwi.com/bsm2/DartAce_Epic.png",
        "cost": "65",
        "maxquantity": "1",
        "hidden": "0",
        "itemname": "Dart Ace Epic",
        "id": "591",
        "quantity": "0"
    },
    "592": {
        "salethumb": "http://thumbs.ninjakiwi.com/bsm2/CrouchingMonkey_Epic.png",
        "description": "Get the fast-attacking, bloon-assassinating Crouching Monkey epic power on both arms for use in any game. Crouching Monkey activates on left click and recharges after a short cooldown.",
        "maxbuyable": "1",
        "salecost": "75",
        "iscombo": "0",
        "thumbnail": "http://thumbs.ninjakiwi.com/bsm2/CrouchingMonkey_Epic.png",
        "cost": "75",
        "maxquantity": "1",
        "hidden": "0",
        "itemname": "Crouching Monkey Epic",
        "id": "592",
        "quantity": "0"
    },
    "593": {
        "salethumb": "http://thumbs.ninjakiwi.com/bsm2/SidewinderAce_Epic.png",
        "description": "Get the fully automatic missile firing goodness of the Sidewinder Ace epic power on both arms for use in any game. Sidewinder Ace activates on left click and recharges after a short cooldown.",
        "maxbuyable": "1",
        "salecost": "70",
        "iscombo": "0",
        "thumbnail": "http://thumbs.ninjakiwi.com/bsm2/SidewinderAce_Epic.png",
        "cost": "70",
        "maxquantity": "1",
        "hidden": "0",
        "itemname": "Sidewinder Ace Epic",
        "id": "593",
        "quantity": "0"
    },
    "594": {
        "salethumb": "http://thumbs.ninjakiwi.com/bsm2/Phonenix_Epic.png",
        "description": "Get the long-lasting, bloon-frying hotness of the Phoenix epic power on both arms for use in any game. Phoenix activates on left click and recharges after a short cooldown.",
        "maxbuyable": "1",
        "salecost": "60",
        "iscombo": "0",
        "thumbnail": "http://thumbs.ninjakiwi.com/bsm2/Phonenix_Epic.png",
        "cost": "60",
        "maxquantity": "1",
        "hidden": "0",
        "itemname": "Phonenix Epic",
        "id": "594",
        "quantity": "0"
    },
    "595": {
        "salethumb": "http://thumbs.ninjakiwi.com/bsm2/DoomGauntlet_Epic.png",
        "description": "Get the bloon-melting awesomeness of the Doom Gauntlet epic power on both arms for use in any game. Doom Gauntlet activates on left click and recharges after a short cooldown.",
        "maxbuyable": "1",
        "salecost": "70",
        "iscombo": "0",
        "thumbnail": "http://thumbs.ninjakiwi.com/bsm2/DoomGauntlet_Epic.png",
        "cost": "70",
        "maxquantity": "1",
        "hidden": "0",
        "itemname": "Doom Gauntlet Epic",
        "id": "595",
        "quantity": "0"
    },
    "596": {
        "salethumb": "http://thumbs.ninjakiwi.com/bsm2/SpikeyChaos_Epic.png",
        "description": "Get the awesome spamtastic madness of the Spikey Chaos epic power for your core attack for use in any game. Spikey Chaos activates on left click and recharges after a short cooldown.",
        "maxbuyable": "1",
        "salecost": "50",
        "iscombo": "0",
        "thumbnail": "http://thumbs.ninjakiwi.com/bsm2/SpikeyChaos_Epic.png",
        "cost": "50",
        "maxquantity": "1",
        "hidden": "0",
        "itemname": "Spikey Chaos Epic",
        "id": "596",
        "quantity": "0"
    },
    "597": {
        "salethumb": "http://thumbs.ninjakiwi.com/bsm2/MassDistraction_Epic.png",
        "description": "Get the bloon-stunning ninja ability of the Mass Distraction epic power for your core attack for use in any game. Mass Distraction activates on left click and recharges after a short cooldown.",
        "maxbuyable": "1",
        "salecost": "35",
        "iscombo": "0",
        "thumbnail": "http://thumbs.ninjakiwi.com/bsm2/MassDistraction_Epic.png",
        "cost": "35",
        "maxquantity": "1",
        "hidden": "0",
        "itemname": "Mass Distraction Epic",
        "id": "597",
        "quantity": "0"
    },
    "598": {
        "salethumb": "http://thumbs.ninjakiwi.com/bsm2/MOAP_Epic.png",
        "description": "Get the screen-clearing mega bomb of the Mother of All Pineapples epic power for your core attack for use in any game. The MOAP activates on left click and recharges after a short cooldown.",
        "maxbuyable": "1",
        "salecost": "45",
        "iscombo": "0",
        "thumbnail": "http://thumbs.ninjakiwi.com/bsm2/MOAP_Epic.png",
        "cost": "45",
        "maxquantity": "1",
        "hidden": "0",
        "itemname": "MOAP Epic",
        "id": "598",
        "quantity": "0"
    },
    "599": {
        "salethumb": "http://thumbs.ninjakiwi.com/bsm2/LighteningTrail_Epic.png",
        "description": "Get the paintable lightning ability of the Lightning Trail epic power for your core attack for use in any game. Lightning Trail activates on left click and recharges after a short cooldown.",
        "maxbuyable": "1",
        "salecost": "40",
        "iscombo": "0",
        "thumbnail": "http://thumbs.ninjakiwi.com/bsm2/LighteningTrail_Epic.png",
        "cost": "40",
        "maxquantity": "1",
        "hidden": "0",
        "itemname": "Lightning Trail Epic",
        "id": "599",
        "quantity": "0"
    },
    "600": {
        "salethumb": "http://thumbs.ninjakiwi.com/bsm2/Sidekick_Epic.png",
        "description": "Get the plasma-powered wingman of the Sidekick epic power for your core attack for use in any game. Sidekick activates on left click and recharges after a short cooldown.",
        "maxbuyable": "1",
        "salecost": "50",
        "iscombo": "0",
        "thumbnail": "http://thumbs.ninjakiwi.com/bsm2/Sidekick_Epic.png",
        "cost": "50",
        "maxquantity": "1",
        "hidden": "0",
        "itemname": "Sidekick Epic",
        "id": "600",
        "quantity": "0"
    },
    "601": {
        "salethumb": "http://thumbs.ninjakiwi.com/bsm2/All_Epics.png",
        "description": "Get all five arm attack epic powers for both arms and all 5 core attack epic powers. You can only have 1 epic power running in each of the 3 attack power slots, but you have every single epic power at your disposal.",
        "maxbuyable": "1",
        "salecost": "350",
        "iscombo": "0",
        "thumbnail": "http://thumbs.ninjakiwi.com/bsm2/All_Epics.png",
        "cost": "350",
        "maxquantity": "1",
        "hidden": "0",
        "itemname": "All Epics",
        "id": "601",
        "quantity": "0"
    }
}